SET statement_timeout = 0;
SET lock_timeout = 0;
SET client_encoding = 'UTF8';
SET standard_conforming_strings = on;
SET check_function_bodies = false;
SET client_min_messages = warning;


SET search_path = public, pg_catalog;

INSERT INTO contact (id, building, country, email, fax, homepage, mobile, pager, phone, postcode, street, town) VALUES (1, NULL, NULL, 'andreas.glatz@uniklinik-freiburg.de', NULL, NULL, NULL, NULL, NULL, NULL, NULL, NULL);
INSERT INTO contact (id, building, country, email, fax, homepage, mobile, pager, phone, postcode, street, town) VALUES (2, '', NULL, '', '', '', NULL, NULL, '', '', '', '');

SELECT setval('contact_sequence', (SELECT MAX(id) FROM contact));

--
-- Data for Name: person; Type: TABLE DATA; Schema: public; Owner: postgres
--

INSERT INTO person (id, archived, birthname, birthday, firstname, gender, language, lastname, note, title, version, contact_id) VALUES (1, false, NULL, NULL, 'Andreas', 1, NULL, 'Glatz', NULL, 'Dr.', 0, 1);

SELECT setval('person_sequence', (SELECT MAX(id) FROM person));

INSERT INTO materialpreset (id, commentary, indexinlist, name) VALUES (1, '', 1, 'Hautpräparat');
INSERT INTO materialpreset (id, commentary, indexinlist, name) VALUES (2, '', 2, 'Hornhaut');
INSERT INTO materialpreset (id, commentary, indexinlist, name) VALUES (3, '', 3, 'Descemet');
INSERT INTO materialpreset (id, commentary, indexinlist, name) VALUES (4, '', 4, 'Salzmannknoten');
INSERT INTO materialpreset (id, commentary, indexinlist, name) VALUES (5, '', 5, 'Biopsie');
INSERT INTO materialpreset (id, commentary, indexinlist, name) VALUES (6, '', 6, 'Bindehaut');
INSERT INTO materialpreset (id, commentary, indexinlist, name) VALUES (7, '', 7, 'Lidkante');
INSERT INTO materialpreset (id, commentary, indexinlist, name) VALUES (8, '', 8, 'Resektat');
INSERT INTO materialpreset (id, commentary, indexinlist, name) VALUES (9, '', 9, 'Nachresektat');
INSERT INTO materialpreset (id, commentary, indexinlist, name) VALUES (10, '', 10, 'Bulbus');
INSERT INTO materialpreset (id, commentary, indexinlist, name) VALUES (11, '', 11, 'Eviszeratio');
INSERT INTO materialpreset (id, commentary, indexinlist, name) VALUES (12, '', 12, 'Exenteration');
INSERT INTO materialpreset (id, commentary, indexinlist, name) VALUES (13, '', 13, 'Zyste');
INSERT INTO materialpreset (id, commentary, indexinlist, name) VALUES (14, '', 14, 'Arterie');
INSERT INTO materialpreset (id, commentary, indexinlist, name) VALUES (15, '', 15, 'Bindehautabstrich');
INSERT INTO materialpreset (id, commentary, indexinlist, name) VALUES (16, '', 16, 'Iris');
INSERT INTO materialpreset (id, commentary, indexinlist, name) VALUES (17, '', 17, 'Linse');
INSERT INTO materialpreset (id, commentary, indexinlist, name) VALUES (18, '', 18, 'Linsenkapsel');
INSERT INTO materialpreset (id, commentary, indexinlist, name) VALUES (19, '', 19, 'Ziliarkörper');
INSERT INTO materialpreset (id, commentary, indexinlist, name) VALUES (20, '', 20, 'Aderhaut');
INSERT INTO materialpreset (id, commentary, indexinlist, name) VALUES (21, '', 21, 'Netzhaut');
INSERT INTO materialpreset (id, commentary, indexinlist, name) VALUES (22, '', 22, 'Glaskörper');
INSERT INTO materialpreset (id, commentary, indexinlist, name) VALUES (23, '', 23, 'Glaskörperaspirat');
INSERT INTO materialpreset (id, commentary, indexinlist, name) VALUES (24, '', 24, 'Sklera');
INSERT INTO materialpreset (id, commentary, indexinlist, name) VALUES (25, '', 25, 'Vorderkammer');
INSERT INTO materialpreset (id, commentary, indexinlist, name) VALUES (26, '', 26, 'N. Optikus');
INSERT INTO materialpreset (id, commentary, indexinlist, name) VALUES (27, '', 27, 'Keilexcisat');
INSERT INTO materialpreset (id, commentary, indexinlist, name) VALUES (28, '', 28, 'Tränensack');
INSERT INTO materialpreset (id, commentary, indexinlist, name) VALUES (29, '', 29, 'Augenmuskel');
INSERT INTO materialpreset (id, commentary, indexinlist, name) VALUES (30, '', 30, 'Irisgewebe');
INSERT INTO materialpreset (id, commentary, indexinlist, name) VALUES (31, '', 31, 'Orbitagewebe');
INSERT INTO materialpreset (id, commentary, indexinlist, name) VALUES (32, '', 32, 'kein Material');
INSERT INTO materialpreset (id, commentary, indexinlist, name) VALUES (33, '', 33, 'Paraffinblock');
INSERT INTO materialpreset (id, commentary, indexinlist, name) VALUES (34, '', 34, 'Schnitte');
INSERT INTO materialpreset (id, commentary, indexinlist, name) VALUES (35, '', 0, 'Keine Ausgewählt');

SELECT setval('materialpreset_sequence', (SELECT MAX(id) FROM materialpreset));

INSERT INTO physician (id, archived, manuallyAltered, clinicrole, employeenumber, uid, version, person_id) VALUES (1, false, false, 'Arzt', '1-30038224-0', 'glatza', 0, 1);

SELECT setval('physician_sequence', (SELECT MAX(id) FROM physician));

INSERT INTO diagnosispreset (id, category, commentary, diagnosis, extendeddiagnosistext, icd10, indexinlist, malign) VALUES (1, '', '', 'folgt', '', '', 0, 'false');
INSERT INTO diagnosispreset (id, category, commentary, diagnosis, extendeddiagnosistext, icd10, indexinlist, malign) VALUES (26, 'Nävus', '', 'Nävuszellnävus mit junktionaler Aktivität', '', 'D23.1', 25, 'false');
INSERT INTO diagnosispreset (id, category, commentary, diagnosis, extendeddiagnosistext, icd10, indexinlist, malign) VALUES (31, '', '', 'Endothelversagen', '', 'H16.8', 30, 'false');
INSERT INTO diagnosispreset (id, category, commentary, diagnosis, extendeddiagnosistext, icd10, indexinlist, malign) VALUES (40, '', '', 'perforiertes Hornhautulkus', '', 'H16.0', 39, 'false');
INSERT INTO diagnosispreset (id, category, commentary, diagnosis, extendeddiagnosistext, icd10, indexinlist, malign) VALUES (15, 'Chalazion', '', 'Chalazion', '', 'H00.1', 14, 'false');
INSERT INTO diagnosispreset (id, category, commentary, diagnosis, extendeddiagnosistext, icd10, indexinlist, malign) VALUES (16, 'Pterygium', '', 'Pterygium', '', 'H11.0', 15, 'false');
INSERT INTO diagnosispreset (id, category, commentary, diagnosis, extendeddiagnosistext, icd10, indexinlist, malign) VALUES (17, 'Keratokonus', '', 'Keratokonus', '', 'H18.6', 16, 'false');
INSERT INTO diagnosispreset (id, category, commentary, diagnosis, extendeddiagnosistext, icd10, indexinlist, malign) VALUES (2, 'Basaliom', '', 'solides Basaliom, im Gesunden entfernt', '', 'C44.1', 1, 'false');
INSERT INTO diagnosispreset (id, category, commentary, diagnosis, extendeddiagnosistext, icd10, indexinlist, malign) VALUES (3, 'Basaliom', '', 'solides Basaliom, knapp im Gesunden entfernt', '', 'C44.1', 2, 'false');
INSERT INTO diagnosispreset (id, category, commentary, diagnosis, extendeddiagnosistext, icd10, indexinlist, malign) VALUES (4, 'Basaliom', '', 'solides Basaliom, nicht im Gesunden entfernt', '', 'C44.1', 3, 'false');
INSERT INTO diagnosispreset (id, category, commentary, diagnosis, extendeddiagnosistext, icd10, indexinlist, malign) VALUES (42, 'Arteriitis temporalis', '', 'Arteriitis temporalis', '', 'M31.6', 41, 'false');
INSERT INTO diagnosispreset (id, category, commentary, diagnosis, extendeddiagnosistext, icd10, indexinlist, malign) VALUES (35, '', '', 'Transplantatversagen', '', 'H17.8', 34, 'false');
INSERT INTO diagnosispreset (id, category, commentary, diagnosis, extendeddiagnosistext, icd10, indexinlist, malign) VALUES (36, '', '', 'vereinbar mit Herpeskeratitis', '', 'H19.1', 35, 'false');
INSERT INTO diagnosispreset (id, category, commentary, diagnosis, extendeddiagnosistext, icd10, indexinlist, malign) VALUES (5, 'Basaliom ', '', 'solides Basaliom mit fibrosierendem Charakter, im Gesunden entfernt', '', 'C44.1', 4, 'false');
INSERT INTO diagnosispreset (id, category, commentary, diagnosis, extendeddiagnosistext, icd10, indexinlist, malign) VALUES (6, 'Basaliom ', '', 'solides Basaliom mit fibrosierendem Charakter, knapp im Gesunden entfernt', '', 'C44.1', 5, 'false');
INSERT INTO diagnosispreset (id, category, commentary, diagnosis, extendeddiagnosistext, icd10, indexinlist, malign) VALUES (7, 'Basaliom ', '', 'solides Basaliom mit fibrosierendem Charakter, nicht im Gesunden entfernt', '', 'C44.1', 6, 'false');
INSERT INTO diagnosispreset (id, category, commentary, diagnosis, extendeddiagnosistext, icd10, indexinlist, malign) VALUES (12, 'Fuchssche Endotheldystrophie', '', 'Descemetmembran bei Fuchsscher Endotheldystrophie', '', '', 11, 'false');
INSERT INTO diagnosispreset (id, category, commentary, diagnosis, extendeddiagnosistext, icd10, indexinlist, malign) VALUES (13, '', '', 'tumorfreies Nachresektat', '', '', 12, 'false');
INSERT INTO diagnosispreset (id, category, commentary, diagnosis, extendeddiagnosistext, icd10, indexinlist, malign) VALUES (14, 'Plattenepithelkarzinom', '', 'Plattenepithelkarzinom', '', '', 13, 'true');
INSERT INTO diagnosispreset (id, category, commentary, diagnosis, extendeddiagnosistext, icd10, indexinlist, malign) VALUES (18, '', '', 'Kunststoffeinbettung', '', '', 17, 'false');
INSERT INTO diagnosispreset (id, category, commentary, diagnosis, extendeddiagnosistext, icd10, indexinlist, malign) VALUES (19, '', '', 'Scrophulosa', '', '', 18, 'false');
INSERT INTO diagnosispreset (id, category, commentary, diagnosis, extendeddiagnosistext, icd10, indexinlist, malign) VALUES (20, '', '', 'pyogenes Granulom', '', '', 19, 'false');
INSERT INTO diagnosispreset (id, category, commentary, diagnosis, extendeddiagnosistext, icd10, indexinlist, malign) VALUES (10, 'Basaliom', '', 'fibrosierendes Basaliom, nicht im Gesunden entfernt', '', 'C44.1', 9, 'false');
INSERT INTO diagnosispreset (id, category, commentary, diagnosis, extendeddiagnosistext, icd10, indexinlist, malign) VALUES (9, 'Basaliom', '', 'fibrosierendes Basaliom, knapp im Gesunden entfernt', '', 'C44.1', 8, 'false');
INSERT INTO diagnosispreset (id, category, commentary, diagnosis, extendeddiagnosistext, icd10, indexinlist, malign) VALUES (8, 'Basaliom', '', 'fibrosierendes Basaliom, im Gesunden entfernt', '', 'C44.1', 7, 'false');
INSERT INTO diagnosispreset (id, category, commentary, diagnosis, extendeddiagnosistext, icd10, indexinlist, malign) VALUES (11, 'Papillom', '', 'Plattenepithelpapillom', '', 'D23.1', 10, 'false');
INSERT INTO diagnosispreset (id, category, commentary, diagnosis, extendeddiagnosistext, icd10, indexinlist, malign) VALUES (21, 'Papillom', '', 'Basalzellpapillom', '', 'D23.1', 20, 'false');
INSERT INTO diagnosispreset (id, category, commentary, diagnosis, extendeddiagnosistext, icd10, indexinlist, malign) VALUES (22, '', '', 'Pinguecula', '', '', 21, 'false');
INSERT INTO diagnosispreset (id, category, commentary, diagnosis, extendeddiagnosistext, icd10, indexinlist, malign) VALUES (45, '', '', 'Bindehautzyste', '', 'D23.1', 44, 'false');
INSERT INTO diagnosispreset (id, category, commentary, diagnosis, extendeddiagnosistext, icd10, indexinlist, malign) VALUES (23, '', '', 'Lidfehlstellung', '', 'H02.1', 22, 'false');
INSERT INTO diagnosispreset (id, category, commentary, diagnosis, extendeddiagnosistext, icd10, indexinlist, malign) VALUES (43, 'Dermoidzyste', '', 'Dermoidzyste', '', 'D23.1', 42, 'false');
INSERT INTO diagnosispreset (id, category, commentary, diagnosis, extendeddiagnosistext, icd10, indexinlist, malign) VALUES (25, 'Nävus', '', 'dermaler Nävuszellnävus', '', 'D23.1', 24, 'false');
INSERT INTO diagnosispreset (id, category, commentary, diagnosis, extendeddiagnosistext, icd10, indexinlist, malign) VALUES (24, 'Nävus', '', 'Nävuszellnävus ', '', 'D23.1', 23, 'false');
INSERT INTO diagnosispreset (id, category, commentary, diagnosis, extendeddiagnosistext, icd10, indexinlist, malign) VALUES (30, 'Nävus', '', 'Bindehautnävus mit junktionaler Aktivität', '', 'D23.1', 29, 'false');
INSERT INTO diagnosispreset (id, category, commentary, diagnosis, extendeddiagnosistext, icd10, indexinlist, malign) VALUES (32, '', '', 'Limbusinsuffizienz', '', '', 31, 'false');
INSERT INTO diagnosispreset (id, category, commentary, diagnosis, extendeddiagnosistext, icd10, indexinlist, malign) VALUES (29, 'Nävus', '', 'Bindehautnävus', '', 'D23.1', 28, 'false');
INSERT INTO diagnosispreset (id, category, commentary, diagnosis, extendeddiagnosistext, icd10, indexinlist, malign) VALUES (28, 'Nävus', '', 'subepithelialer Nävus', '', 'D23.1', 27, 'false');
INSERT INTO diagnosispreset (id, category, commentary, diagnosis, extendeddiagnosistext, icd10, indexinlist, malign) VALUES (33, '', '', 'Endotheldekompensation', '', '', 32, 'false');
INSERT INTO diagnosispreset (id, category, commentary, diagnosis, extendeddiagnosistext, icd10, indexinlist, malign) VALUES (27, 'Nävus', '', 'dermaler Nävus mit junktionaler Aktivität', '', 'D23.1', 26, 'false');
INSERT INTO diagnosispreset (id, category, commentary, diagnosis, extendeddiagnosistext, icd10, indexinlist, malign) VALUES (34, '', '', 'Fuchs''sche Endotheldystrophie', '', '', 33, 'false');
INSERT INTO diagnosispreset (id, category, commentary, diagnosis, extendeddiagnosistext, icd10, indexinlist, malign) VALUES (37, '', '', 'Zustand nach Keratoplastik', '', '', 36, 'false');
INSERT INTO diagnosispreset (id, category, commentary, diagnosis, extendeddiagnosistext, icd10, indexinlist, malign) VALUES (38, 'Salzmannknoten', '', 'Salzmannknoten', '', '', 37, 'false');
INSERT INTO diagnosispreset (id, category, commentary, diagnosis, extendeddiagnosistext, icd10, indexinlist, malign) VALUES (39, 'Seborrhoische Keratose', '', 'Seborrhoische Keratose', '', '', 38, 'false');
INSERT INTO diagnosispreset (id, category, commentary, diagnosis, extendeddiagnosistext, icd10, indexinlist, malign) VALUES (41, 'Katarakt', '', 'Katarakt', '', '', 40, 'false');
INSERT INTO diagnosispreset (id, category, commentary, diagnosis, extendeddiagnosistext, icd10, indexinlist, malign) VALUES (44, 'Papillom', '', 'Bindehautpapillom', '', '', 43, 'false');
INSERT INTO diagnosispreset (id, category, commentary, diagnosis, extendeddiagnosistext, icd10, indexinlist, malign) VALUES (46, '', '', 'Moll''sche Zyste', '', '', 45, 'false');
INSERT INTO diagnosispreset (id, category, commentary, diagnosis, extendeddiagnosistext, icd10, indexinlist, malign) VALUES (48, '', '', 'Molluscum contagiosum', '', '', 47, 'false');
INSERT INTO diagnosispreset (id, category, commentary, diagnosis, extendeddiagnosistext, icd10, indexinlist, malign) VALUES (51, '', '', 'kein Material im Labor eingetroffen', '', '', 50, 'false');
INSERT INTO diagnosispreset (id, category, commentary, diagnosis, extendeddiagnosistext, icd10, indexinlist, malign) VALUES (52, '', '', 'kein Material im Gefäß', '', '', 51, 'false');
INSERT INTO diagnosispreset (id, category, commentary, diagnosis, extendeddiagnosistext, icd10, indexinlist, malign) VALUES (53, '', '', 'winziges Präparat, verloren während des Einbettungsprozesses', '', '', 52, 'false');
INSERT INTO diagnosispreset (id, category, commentary, diagnosis, extendeddiagnosistext, icd10, indexinlist, malign) VALUES (54, 'Melanom', '', 'Melanom der Aderhaut', '', '', 53, 'true');
INSERT INTO diagnosispreset (id, category, commentary, diagnosis, extendeddiagnosistext, icd10, indexinlist, malign) VALUES (50, 'Melanom', '', 'Bindehautmelanom', '', '', 49, 'true');
INSERT INTO diagnosispreset (id, category, commentary, diagnosis, extendeddiagnosistext, icd10, indexinlist, malign) VALUES (49, '', '', 'Xanthelasma', '', 'D23.1', 48, 'false');
INSERT INTO diagnosispreset (id, category, commentary, diagnosis, extendeddiagnosistext, icd10, indexinlist, malign) VALUES (47, '', '', 'Epidermiszyste', '', 'D23.1', 46, 'false');

SELECT setval('diagnosispreset_sequence', (SELECT MAX(id) FROM diagnosispreset));

INSERT INTO histosettings (id, version, alternatepatientaddmode, autoselectedpreferedlabelprinter, autoselectedpreferedprinter, defaultview, inputfieldcolor, inputfieldfontcolor, preferedlabelpritner, preferedprinter,worklistautoupdate, worklisthidenoneactivetasks, worklistsortorder, worklistsortorderasc, worklisttoload, pdfpreviewondiagnosisapproval) VALUES (1,0,false, true, true, 9, 'ffffff', '000000', NULL, NULL,false, true, 0, true, 1, false);


SELECT setval('settings_sequence', (SELECT MAX(id) FROM histosettings));

INSERT INTO histosettings_availableviews (histosettings_id, availableviews, position) values (1, 'WORKLIST_TASKS', 0);
INSERT INTO histosettings_availableviews (histosettings_id, availableviews, position) values (1, 'WORKLIST_PATIENT', 1);
INSERT INTO histosettings_availableviews (histosettings_id, availableviews, position) values (1, 'WORKLIST_RECEIPTLOG', 2);
INSERT INTO histosettings_availableviews (histosettings_id, availableviews, position) values (1, 'WORKLIST_DIAGNOSIS', 3);
INSERT INTO histosettings_availableviews (histosettings_id, availableviews, position) values (2, 'WORKLIST_TASKS', 0);
INSERT INTO histosettings_availableviews (histosettings_id, availableviews, position) values (2, 'WORKLIST_PATIENT', 1);
INSERT INTO histosettings_availableviews (histosettings_id, availableviews, position) values (2, 'WORKLIST_RECEIPTLOG', 2);
INSERT INTO histosettings_availableviews (histosettings_id, availableviews, position) values (2, 'WORKLIST_DIAGNOSIS', 3);
INSERT INTO histosettings_availableviews (histosettings_id, availableviews, position) values (3, 'WORKLIST_TASKS', 0);
INSERT INTO histosettings_availableviews (histosettings_id, availableviews, position) values (3, 'WORKLIST_PATIENT', 1);
INSERT INTO histosettings_availableviews (histosettings_id, availableviews, position) values (3, 'WORKLIST_RECEIPTLOG', 2);
INSERT INTO histosettings_availableviews (histosettings_id, availableviews, position) values (3, 'WORKLIST_DIAGNOSIS', 3); 
INSERT INTO histosettings_availableviews (histosettings_id, availableviews, position) values (4, 'WORKLIST_TASKS', 0);
INSERT INTO histosettings_availableviews (histosettings_id, availableviews, position) values (4, 'WORKLIST_PATIENT', 1);
INSERT INTO histosettings_availableviews (histosettings_id, availableviews, position) values (4, 'WORKLIST_RECEIPTLOG', 2);
INSERT INTO histosettings_availableviews (histosettings_id, availableviews, position) values (4, 'WORKLIST_DIAGNOSIS', 3);
INSERT INTO histosettings_availableviews (histosettings_id, availableviews, position) values (5, 'WORKLIST_TASKS', 0);
INSERT INTO histosettings_availableviews (histosettings_id, availableviews, position) values (5, 'WORKLIST_PATIENT', 1);
INSERT INTO histosettings_availableviews (histosettings_id, availableviews, position) values (5, 'WORKLIST_RECEIPTLOG', 2);
INSERT INTO histosettings_availableviews (histosettings_id, availableviews, position) values (5, 'WORKLIST_DIAGNOSIS', 3);
INSERT INTO histosettings_availableviews (histosettings_id, availableviews, position) values (7, 'GUEST', 0);
INSERT INTO histosettings_availableviews (histosettings_id, availableviews, position) values (8, 'USERLIST', 0);
INSERT INTO histosettings_availableviews (histosettings_id, availableviews, position) values (9, 'WORKLIST_TASKS', 0);
INSERT INTO histosettings_availableviews (histosettings_id, availableviews, position) values (9, 'WORKLIST_PATIENT', 1);
INSERT INTO histosettings_availableviews (histosettings_id, availableviews, position) values (9, 'WORKLIST_RECEIPTLOG', 2);
INSERT INTO histosettings_availableviews (histosettings_id, availableviews, position) values (9, 'WORKLIST_DIAGNOSIS', 3);
INSERT INTO histosettings_availableviews (histosettings_id, availableviews, position) values (10, 'WORKLIST_TASKS', 0);
INSERT INTO histosettings_availableviews (histosettings_id, availableviews, position) values (10, 'WORKLIST_PATIENT', 1);
INSERT INTO histosettings_availableviews (histosettings_id, availableviews, position) values (10, 'WORKLIST_RECEIPTLOG', 2);
INSERT INTO histosettings_availableviews (histosettings_id, availableviews, position) values (10, 'WORKLIST_DIAGNOSIS', 3);
INSERT INTO histosettings_availableviews (histosettings_id, availableviews, position) values (11, 'WORKLIST_TASKS', 0);
INSERT INTO histosettings_availableviews (histosettings_id, availableviews, position) values (11, 'WORKLIST_PATIENT', 1);
INSERT INTO histosettings_availableviews (histosettings_id, availableviews, position) values (11, 'WORKLIST_RECEIPTLOG', 2);
INSERT INTO histosettings_availableviews (histosettings_id, availableviews, position) values (11, 'WORKLIST_DIAGNOSIS', 3);
INSERT INTO histosettings_availableviews (histosettings_id, availableviews, position) values (12, 'WORKLIST_TASKS', 0);
INSERT INTO histosettings_availableviews (histosettings_id, availableviews, position) values (12, 'WORKLIST_PATIENT', 1);
INSERT INTO histosettings_availableviews (histosettings_id, availableviews, position) values (12, 'WORKLIST_RECEIPTLOG', 2);
INSERT INTO histosettings_availableviews (histosettings_id, availableviews, position) values (12, 'WORKLIST_DIAGNOSIS', 3);

INSERT INTO histogroup (id, archived, name, commentary, version, settings_id, authrole) values (1, false, 'Kein Account', 'Keine Berechtigung', 0, 6, 'ROLE_NONEAUTH');
INSERT INTO histogroup (id, archived, name, commentary, version, settings_id, authrole) values (2, false, 'Nicht freigeschaltet', 'Warte auf Freischaltung', 0, 7, 'ROLE_GUEST');
INSERT INTO histogroup (id, archived, name, commentary, version, settings_id, authrole) values (3, false, 'Benutzer', 'Kann fertige Befundungen einsehen', 0, 8, 'ROLE_USER');
INSERT INTO histogroup (id, archived, name, commentary, version, settings_id, authrole) values (4, false, 'MTA', 'MTA', 0, 9, 'ROLE_USER');
INSERT INTO histogroup (id, archived, name, commentary, version, settings_id, authrole) values (5, false, 'Befunder', 'Befunder', 0, 10, 'ROLE_USER');
INSERT INTO histogroup (id, archived, name, commentary, version, settings_id, authrole) values (6, false, 'Moderator', 'Moderator', 0, 11, 'ROLE_USER');
INSERT INTO histogroup (id, archived, name, commentary, version, settings_id, authrole) values (7, false, 'Admin', 'Admin', 0, 12, 'ROLE_USER');

SELECT setval('group_sequence', (SELECT MAX(id) FROM histogroup));
			
INSERT INTO histogroup_permissions (histogroup_id, permissions) values (4, 'PROGRAM_SETTINGS');
INSERT INTO histogroup_permissions (histogroup_id, permissions) values (4, 'PROGRAM_SETTINGS_DIAGNOSES');
INSERT INTO histogroup_permissions (histogroup_id, permissions) values (4, 'PROGRAM_SETTINGS_MATERIAL');
INSERT INTO histogroup_permissions (histogroup_id, permissions) values (4, 'PROGRAM_SETTINGS_STAINING');
INSERT INTO histogroup_permissions (histogroup_id, permissions) values (4, 'PROGRAM_SETTINGS_LISTS');
INSERT INTO histogroup_permissions (histogroup_id, permissions) values (4, 'PROGRAM_SETTINGS_FAVOURITE');
INSERT INTO histogroup_permissions (histogroup_id, permissions) values (4, 'PROGRAM_SETTINGS_PHYSICIAN');
INSERT INTO histogroup_permissions (histogroup_id, permissions) values (4, 'PROGRAM_SETTINGS_ORGANIZAZIONS');
INSERT INTO histogroup_permissions (histogroup_id, permissions) values (4, 'TASK_EDIT');
INSERT INTO histogroup_permissions (histogroup_id, permissions) values (5, 'PROGRAM_SETTINGS');
INSERT INTO histogroup_permissions (histogroup_id, permissions) values (5, 'PROGRAM_SETTINGS_DIAGNOSES');
INSERT INTO histogroup_permissions (histogroup_id, permissions) values (5, 'PROGRAM_SETTINGS_MATERIAL');
INSERT INTO histogroup_permissions (histogroup_id, permissions) values (5, 'PROGRAM_SETTINGS_STAINING');
INSERT INTO histogroup_permissions (histogroup_id, permissions) values (5, 'PROGRAM_SETTINGS_LISTS');
INSERT INTO histogroup_permissions (histogroup_id, permissions) values (5, 'PROGRAM_SETTINGS_PHYSICIAN');
INSERT INTO histogroup_permissions (histogroup_id, permissions) values (5, 'TASK_EDIT');
INSERT INTO histogroup_permissions (histogroup_id, permissions) values (6, 'PROGRAM_SETTINGS');
INSERT INTO histogroup_permissions (histogroup_id, permissions) values (6, 'PROGRAM_SETTINGS_USER');
INSERT INTO histogroup_permissions (histogroup_id, permissions) values (6, 'PROGRAM_SETTINGS_GROUP');
INSERT INTO histogroup_permissions (histogroup_id, permissions) values (6, 'PROGRAM_SETTINGS_DIAGNOSES');
INSERT INTO histogroup_permissions (histogroup_id, permissions) values (6, 'PROGRAM_SETTINGS_MATERIAL');
INSERT INTO histogroup_permissions (histogroup_id, permissions) values (6, 'PROGRAM_SETTINGS_STAINING');
INSERT INTO histogroup_permissions (histogroup_id, permissions) values (6, 'PROGRAM_SETTINGS_LISTS');
INSERT INTO histogroup_permissions (histogroup_id, permissions) values (6, 'PROGRAM_SETTINGS_FAVOURITE');
INSERT INTO histogroup_permissions (histogroup_id, permissions) values (6, 'PROGRAM_SETTINGS_PHYSICIAN');
INSERT INTO histogroup_permissions (histogroup_id, permissions) values (6, 'PROGRAM_SETTINGS_ORGANIZAZIONS');
INSERT INTO histogroup_permissions (histogroup_id, permissions) values (6, 'TASK_EDIT');
INSERT INTO histogroup_permissions (histogroup_id, permissions) values (7, 'PROGRAM_SETTINGS');
INSERT INTO histogroup_permissions (histogroup_id, permissions) values (7, 'PROGRAM_SETTINGS_USER');
INSERT INTO histogroup_permissions (histogroup_id, permissions) values (7, 'PROGRAM_SETTINGS_GROUP');
INSERT INTO histogroup_permissions (histogroup_id, permissions) values (7, 'PROGRAM_SETTINGS_DIAGNOSES');
INSERT INTO histogroup_permissions (histogroup_id, permissions) values (7, 'PROGRAM_SETTINGS_MATERIAL');
INSERT INTO histogroup_permissions (histogroup_id, permissions) values (7, 'PROGRAM_SETTINGS_STAINING');
INSERT INTO histogroup_permissions (histogroup_id, permissions) values (7, 'PROGRAM_SETTINGS_LISTS');
INSERT INTO histogroup_permissions (histogroup_id, permissions) values (7, 'PROGRAM_SETTINGS_FAVOURITE');
INSERT INTO histogroup_permissions (histogroup_id, permissions) values (7, 'PROGRAM_SETTINGS_PHYSICIAN');
INSERT INTO histogroup_permissions (histogroup_id, permissions) values (7, 'PROGRAM_SETTINGS_ORGANIZAZIONS');
INSERT INTO histogroup_permissions (histogroup_id, permissions) values (7, 'TASK_EDIT');

INSERT INTO histouser (id, lastlogin, username, version, physician_id, settings_id, group_id) VALUES (1,  0, 'glatza', 0, 1, 1,7);
INSERT INTO histouser (id, lastlogin, username, version, physician_id, settings_id, group_id) VALUES (2,  0, 'joosb', 0, 2, 2, 4);
INSERT INTO histouser (id, lastlogin, username, version, physician_id, settings_id, group_id) VALUES (3,  0, 'zeitler', 0, 3, 3, 4);
INSERT INTO histouser (id, lastlogin, username, version, physician_id, settings_id, group_id) VALUES (4,  0, 'zimmeli', 0, 15, 4, 5);
INSERT INTO histouser (id, lastlogin, username, version, physician_id, settings_id, group_id) VALUES (5,  0, 'auw', 0, 6, 5, 6);

SELECT setval('user_sequence', (SELECT MAX(id) FROM histouser));

INSERT INTO favouritelist (id, defaultlist, globalView, name, owner_id) VALUES (1, true, false, 'Färbeliste', NULL);
INSERT INTO favouritelist (id, defaultlist, globalView, name, owner_id) VALUES (2, true, false, 'Diagnosislist', NULL);
INSERT INTO favouritelist (id, defaultlist, globalView, name, owner_id) VALUES (3, true, false, 'Benachrichtigungsliste', NULL);
INSERT INTO favouritelist (id, defaultlist, globalView, name, owner_id) VALUES (4, true, false, 'Nachfärbeliste', NULL);
INSERT INTO favouritelist (id, defaultlist, globalView, name, owner_id) VALUES (5, true, false, 'Rediagnoseliste', NULL);
INSERT INTO favouritelist (id, defaultlist, globalView, name, owner_id) VALUES (6, true, false, 'Verbleibe in Färbeliste', NULL);
INSERT INTO favouritelist (id, defaultlist, globalView, name, owner_id) VALUES (7, true, false, 'Verbleibe in Diangoseliste', NULL);
INSERT INTO favouritelist (id, defaultlist, globalView, name, owner_id) VALUES (8, true, false, 'Verbleibe in Benachrichtigungslite', NULL);
INSERT INTO favouritelist (id, defaultlist, globalView, name, owner_id) VALUES (9, true, false, 'Konsil-Ausleihe (MTA)', NULL);
INSERT INTO favouritelist (id, defaultlist, globalView, name, owner_id) VALUES (10, true, false, 'Konsil-Ausleihe (Sekretariat)', NULL);
INSERT INTO favouritelist (id, defaultlist, globalView, name, owner_id) VALUES (11, true, false, 'Konsil steht aus', NULL);
INSERT INTO favouritelist (id, defaultlist, globalView, name, owner_id) VALUES (12, true, false, 'Konsil erledigt', NULL);

 SELECT setval('favouritelist_sequence', (SELECT MAX(id) FROM favouritelist));

INSERT INTO stainingprototype (id, archived, commentary, indexinlist, name, type) VALUES (1, false, '', 0, 'Trichrom-Masson', 'NORMAL');
INSERT INTO stainingprototype (id, archived, commentary, indexinlist, name, type) VALUES (2, false, '', 1, 'Trichrom-Goldner', 'NORMAL');
INSERT INTO stainingprototype (id, archived, commentary, indexinlist, name, type) VALUES (3, false, '', 2, 'AMP', 'NORMAL');
INSERT INTO stainingprototype (id, archived, commentary, indexinlist, name, type) VALUES (4, false, '', 3, 'Kongorot', 'NORMAL');
INSERT INTO stainingprototype (id, archived, commentary, indexinlist, name, type) VALUES (5, false, '', 4, 'Giemsa', 'NORMAL');
INSERT INTO stainingprototype (id, archived, commentary, indexinlist, name, type) VALUES (6, false, '', 5, 'GMS', 'NORMAL');
INSERT INTO stainingprototype (id, archived, commentary, indexinlist, name, type) VALUES (7, false, '', 6, 'Gram', 'NORMAL');
INSERT INTO stainingprototype (id, archived, commentary, indexinlist, name, type) VALUES (8, false, '', 7, 'FE', 'NORMAL');
INSERT INTO stainingprototype (id, archived, commentary, indexinlist, name, type) VALUES (9, false, '', 8, 'PAS', 'NORMAL');
INSERT INTO stainingprototype (id, archived, commentary, indexinlist, name, type) VALUES (10, false, '', 9, 'van Gieson', 'NORMAL');
INSERT INTO stainingprototype (id, archived, commentary, indexinlist, name, type) VALUES (11, false, '', 10, 'HE', 'NORMAL');
INSERT INTO stainingprototype (id, archived, commentary, indexinlist, name, type) VALUES (12, false, '', 11, 'Melan A', 'IMMUN');
INSERT INTO stainingprototype (id, archived, commentary, indexinlist, name, type) VALUES (13, false, '', 12, 'HMB 45', 'IMMUN');
INSERT INTO stainingprototype (id, archived, commentary, indexinlist, name, type) VALUES (14, false, '', 13, 'Mib 1', 'IMMUN');
INSERT INTO stainingprototype (id, archived, commentary, indexinlist, name, type) VALUES (15, false, '', 14, 'Vimentin', 'IMMUN');
INSERT INTO stainingprototype (id, archived, commentary, indexinlist, name, type) VALUES (16, false, '', 15, 'Cytokeratin AE1-AE3', 'IMMUN');
INSERT INTO stainingprototype (id, archived, commentary, indexinlist, name, type) VALUES (17, false, '', 16, 'GFAP', 'IMMUN');
INSERT INTO stainingprototype (id, archived, commentary, indexinlist, name, type) VALUES (18, false, '', 17, 'S100', 'IMMUN');
INSERT INTO stainingprototype (id, archived, commentary, indexinlist, name, type) VALUES (19, false, '', 18, 'NSE', 'IMMUN');
INSERT INTO stainingprototype (id, archived, commentary, indexinlist, name, type) VALUES (20, false, '', 19, 'CD68', 'IMMUN');
INSERT INTO stainingprototype (id, archived, commentary, indexinlist, name, type) VALUES (21, false, '', 20, 'CD34', 'IMMUN');
INSERT INTO stainingprototype (id, archived, commentary, indexinlist, name, type) VALUES (22, false, '', 21, 'Faktor VIII', 'IMMUN');

 SELECT setval('stainingprototype_sequence', (SELECT MAX(id) FROM stainingprototype));

INSERT INTO listitem (id, archived, indexinlist, listtype, value) VALUES (1, false, 0, 'CASE_HISTORY', 'V. a. Chalazion');
INSERT INTO listitem (id, archived, indexinlist, listtype, value) VALUES (3, false, 2, 'CASE_HISTORY', 'V.a. pyogenes Granulom');
INSERT INTO listitem (id, archived, indexinlist, listtype, value) VALUES (2, false, 1, 'CASE_HISTORY', 'V.a. Chalazion/pyogenes Granulom');
INSERT INTO listitem (id, archived, indexinlist, listtype, value) VALUES (5, false, 4, 'CASE_HISTORY', 'Nachresektion bei Basaliom');
INSERT INTO listitem (id, archived, indexinlist, listtype, value) VALUES (4, false, 3, 'CASE_HISTORY', 'V. a. Basaliom');
INSERT INTO listitem (id, archived, indexinlist, listtype, value) VALUES (7, false, 6, 'CASE_HISTORY', 'V. a. Papillom');
INSERT INTO listitem (id, archived, indexinlist, listtype, value) VALUES (6, false, 5, 'CASE_HISTORY', 'Nachresektion z. Vergrößerung Sicherheitsabstand');
INSERT INTO listitem (id, archived, indexinlist, listtype, value) VALUES (9, false, 8, 'CASE_HISTORY', 'V.a. Verruca vulg.');
INSERT INTO listitem (id, archived, indexinlist, listtype, value) VALUES (8, false, 7, 'CASE_HISTORY', 'V.a. Pterygium');
INSERT INTO listitem (id, archived, indexinlist, listtype, value) VALUES (10, false, 9, 'CASE_HISTORY', 'Lidrandzyste');
INSERT INTO listitem (id, archived, indexinlist, listtype, value) VALUES (12, false, 11, 'CASE_HISTORY', 'Xanthelasma');
INSERT INTO listitem (id, archived, indexinlist, listtype, value) VALUES (11, false, 10, 'CASE_HISTORY', 'V. a. CIN');
INSERT INTO listitem (id, archived, indexinlist, listtype, value) VALUES (13, false, 12, 'CASE_HISTORY', 'V. a. aktinische Keratose');
INSERT INTO listitem (id, archived, indexinlist, listtype, value) VALUES (16, false, 15, 'CASE_HISTORY', 'V.a. Nävus');
INSERT INTO listitem (id, archived, indexinlist, listtype, value) VALUES (15, false, 14, 'CASE_HISTORY', 'V. a. Dermoidzyste');
INSERT INTO listitem (id, archived, indexinlist, listtype, value) VALUES (14, false, 13, 'CASE_HISTORY', 'V. a. Epidermiszyste');
INSERT INTO listitem (id, archived, indexinlist, listtype, value) VALUES (18, false, 17, 'CASE_HISTORY', 'V. a. Lymphom');
INSERT INTO listitem (id, archived, indexinlist, listtype, value) VALUES (17, false, 16, 'CASE_HISTORY', 'V. a. Bindehautnävus');
INSERT INTO listitem (id, archived, indexinlist, listtype, value) VALUES (19, false, 18, 'CASE_HISTORY', 'Keil bei Blaskovic');
INSERT INTO listitem (id, archived, indexinlist, listtype, value) VALUES (21, false, 20, 'CASE_HISTORY', 'V. a. Arteriitis temporalis');
INSERT INTO listitem (id, archived, indexinlist, listtype, value) VALUES (23, false, 22, 'CASE_HISTORY', 'V. a. Salzmannknoten');
INSERT INTO listitem (id, archived, indexinlist, listtype, value) VALUES (22, false, 21, 'CASE_HISTORY', 'Keratokonus');
INSERT INTO listitem (id, archived, indexinlist, listtype, value) VALUES (20, false, 19, 'CASE_HISTORY', 'V. a. Mollzyste');
INSERT INTO listitem (id, archived, indexinlist, listtype, value) VALUES (24, false, 23, 'CASE_HISTORY', 'DMEK');
INSERT INTO listitem (id, archived, indexinlist, listtype, value) VALUES (26, false, 25, 'CASE_HISTORY', 'Bullosa');
INSERT INTO listitem (id, archived, indexinlist, listtype, value) VALUES (25, false, 24, 'CASE_HISTORY', 'Descemet bei Fuchs');
INSERT INTO listitem (id, archived, indexinlist, listtype, value) VALUES (27, false, 26, 'CASE_HISTORY', 'Endothelversagen');
INSERT INTO listitem (id, archived, indexinlist, listtype, value) VALUES (29, false, 28, 'CASE_HISTORY', 'Limbusinsuffizienz');
INSERT INTO listitem (id, archived, indexinlist, listtype, value) VALUES (28, false, 27, 'CASE_HISTORY', 'Fuchs''sche Endotheldystrophie');
INSERT INTO listitem (id, archived, indexinlist, listtype, value) VALUES (30, false, 29, 'CASE_HISTORY', 'Z. n. Herpes');
INSERT INTO listitem (id, archived, indexinlist, listtype, value) VALUES (31, false, 30, 'CASE_HISTORY', 'Herpesnarbe');
INSERT INTO listitem (id, archived, indexinlist, listtype, value) VALUES (33, false, 32, 'CASE_HISTORY', 'Re-Keratokonus');
INSERT INTO listitem (id, archived, indexinlist, listtype, value) VALUES (32, false, 31, 'CASE_HISTORY', 'Transplantatversagen');
INSERT INTO listitem (id, archived, indexinlist, listtype, value) VALUES (34, false, 33, 'CASE_HISTORY', 'bullöse Keratopathie');
INSERT INTO listitem (id, archived, indexinlist, listtype, value) VALUES (35, false, 34, 'CASE_HISTORY', 'Pinguecula');
INSERT INTO listitem (id, archived, indexinlist, listtype, value) VALUES (36, false, 0, 'WARDS', 'ambulant');
INSERT INTO listitem (id, archived, indexinlist, listtype, value) VALUES (38, false, 2, 'WARDS', 'ambulant-privat');
INSERT INTO listitem (id, archived, indexinlist, listtype, value) VALUES (37, false, 1, 'WARDS', 'stationär');
INSERT INTO listitem (id, archived, indexinlist, listtype, value) VALUES (39, false, 3, 'WARDS', 'stationär-privat');
INSERT INTO listitem (id, archived, indexinlist, listtype, value) VALUES (41, false, 5, 'WARDS', 'auswärtig');
INSERT INTO listitem (id, archived, indexinlist, listtype, value) VALUES (40, false, 4, 'WARDS', 'IMS-privat');
INSERT INTO listitem (id, archived, indexinlist, listtype, value) VALUES (42, false, 6, 'WARDS', 'auswärtig-privat');
INSERT INTO listitem (id, archived, indexinlist, listtype, value) VALUES (43, false, 0, 'COUNCIL_ATTACHMENT', 'je ein HE und PAS-Schnitt');
INSERT INTO listitem (id, archived, indexinlist, listtype, value) VALUES (44, false, 1, 'COUNCIL_ATTACHMENT', '20 Leerschnitte');
INSERT INTO listitem (id, archived, indexinlist, listtype, value) VALUES (45, false, 2, 'COUNCIL_ATTACHMENT', '10 Leerschnitte');
INSERT INTO listitem (id, archived, indexinlist, listtype, value) VALUES (46, false, 3, 'COUNCIL_ATTACHMENT', 'Leerschnitte');
INSERT INTO listitem (id, archived, indexinlist, listtype, value) VALUES (47, false, 4, 'COUNCIL_ATTACHMENT', 'Paraffinblock');
INSERT INTO listitem (id, archived, indexinlist, listtype, value) VALUES (48, false, 0, 'SLIDES', 'tiefer');
INSERT INTO listitem (id, archived, indexinlist, listtype, value) VALUES (49, false, 1, 'SLIDES', 'frühe Schnitte');
INSERT INTO listitem (id, archived, indexinlist, listtype, value) VALUES (50, false, 2, 'SLIDES', 'Stufen');
INSERT INTO listitem (id, archived, indexinlist, listtype, value) VALUES (51, false, 3, 'SLIDES', 'aufscheiden');

 SELECT setval('listitem_sequence', (SELECT MAX(id) FROM listitem));
 
INSERT INTO materialpreset_stainingprototype (materialpreset_id, stainingprototypes_id) VALUES (1, 9);
INSERT INTO materialpreset_stainingprototype (materialpreset_id, stainingprototypes_id) VALUES (1, 11);
INSERT INTO materialpreset_stainingprototype (materialpreset_id, stainingprototypes_id) VALUES (2, 9);
INSERT INTO materialpreset_stainingprototype (materialpreset_id, stainingprototypes_id) VALUES (2, 11);
INSERT INTO materialpreset_stainingprototype (materialpreset_id, stainingprototypes_id) VALUES (3, 9);
INSERT INTO materialpreset_stainingprototype (materialpreset_id, stainingprototypes_id) VALUES (3, 11);
INSERT INTO materialpreset_stainingprototype (materialpreset_id, stainingprototypes_id) VALUES (4, 9);
INSERT INTO materialpreset_stainingprototype (materialpreset_id, stainingprototypes_id) VALUES (4, 11);
INSERT INTO materialpreset_stainingprototype (materialpreset_id, stainingprototypes_id) VALUES (5, 9);
INSERT INTO materialpreset_stainingprototype (materialpreset_id, stainingprototypes_id) VALUES (5, 11);
INSERT INTO materialpreset_stainingprototype (materialpreset_id, stainingprototypes_id) VALUES (6, 9);
INSERT INTO materialpreset_stainingprototype (materialpreset_id, stainingprototypes_id) VALUES (6, 11);
INSERT INTO materialpreset_stainingprototype (materialpreset_id, stainingprototypes_id) VALUES (7, 9);
INSERT INTO materialpreset_stainingprototype (materialpreset_id, stainingprototypes_id) VALUES (7, 11);
INSERT INTO materialpreset_stainingprototype (materialpreset_id, stainingprototypes_id) VALUES (8, 9);
INSERT INTO materialpreset_stainingprototype (materialpreset_id, stainingprototypes_id) VALUES (8, 11);
INSERT INTO materialpreset_stainingprototype (materialpreset_id, stainingprototypes_id) VALUES (9, 9);
INSERT INTO materialpreset_stainingprototype (materialpreset_id, stainingprototypes_id) VALUES (9, 11);
INSERT INTO materialpreset_stainingprototype (materialpreset_id, stainingprototypes_id) VALUES (10, 9);
INSERT INTO materialpreset_stainingprototype (materialpreset_id, stainingprototypes_id) VALUES (10, 11);
INSERT INTO materialpreset_stainingprototype (materialpreset_id, stainingprototypes_id) VALUES (11, 9);
INSERT INTO materialpreset_stainingprototype (materialpreset_id, stainingprototypes_id) VALUES (11, 11);
INSERT INTO materialpreset_stainingprototype (materialpreset_id, stainingprototypes_id) VALUES (12, 9);
INSERT INTO materialpreset_stainingprototype (materialpreset_id, stainingprototypes_id) VALUES (12, 11);
INSERT INTO materialpreset_stainingprototype (materialpreset_id, stainingprototypes_id) VALUES (13, 9);
INSERT INTO materialpreset_stainingprototype (materialpreset_id, stainingprototypes_id) VALUES (13, 11);
INSERT INTO materialpreset_stainingprototype (materialpreset_id, stainingprototypes_id) VALUES (14, 9);
INSERT INTO materialpreset_stainingprototype (materialpreset_id, stainingprototypes_id) VALUES (14, 11);
INSERT INTO materialpreset_stainingprototype (materialpreset_id, stainingprototypes_id) VALUES (15, 9);
INSERT INTO materialpreset_stainingprototype (materialpreset_id, stainingprototypes_id) VALUES (15, 11);
INSERT INTO materialpreset_stainingprototype (materialpreset_id, stainingprototypes_id) VALUES (16, 9);
INSERT INTO materialpreset_stainingprototype (materialpreset_id, stainingprototypes_id) VALUES (16, 11);
INSERT INTO materialpreset_stainingprototype (materialpreset_id, stainingprototypes_id) VALUES (17, 9);
INSERT INTO materialpreset_stainingprototype (materialpreset_id, stainingprototypes_id) VALUES (17, 11);
INSERT INTO materialpreset_stainingprototype (materialpreset_id, stainingprototypes_id) VALUES (18, 9);
INSERT INTO materialpreset_stainingprototype (materialpreset_id, stainingprototypes_id) VALUES (18, 11);
INSERT INTO materialpreset_stainingprototype (materialpreset_id, stainingprototypes_id) VALUES (19, 9);
INSERT INTO materialpreset_stainingprototype (materialpreset_id, stainingprototypes_id) VALUES (19, 11);
INSERT INTO materialpreset_stainingprototype (materialpreset_id, stainingprototypes_id) VALUES (20, 9);
INSERT INTO materialpreset_stainingprototype (materialpreset_id, stainingprototypes_id) VALUES (20, 11);
INSERT INTO materialpreset_stainingprototype (materialpreset_id, stainingprototypes_id) VALUES (21, 9);
INSERT INTO materialpreset_stainingprototype (materialpreset_id, stainingprototypes_id) VALUES (21, 11);
INSERT INTO materialpreset_stainingprototype (materialpreset_id, stainingprototypes_id) VALUES (22, 9);
INSERT INTO materialpreset_stainingprototype (materialpreset_id, stainingprototypes_id) VALUES (22, 11);
INSERT INTO materialpreset_stainingprototype (materialpreset_id, stainingprototypes_id) VALUES (23, 9);
INSERT INTO materialpreset_stainingprototype (materialpreset_id, stainingprototypes_id) VALUES (23, 11);
INSERT INTO materialpreset_stainingprototype (materialpreset_id, stainingprototypes_id) VALUES (24, 9);
INSERT INTO materialpreset_stainingprototype (materialpreset_id, stainingprototypes_id) VALUES (24, 11);
INSERT INTO materialpreset_stainingprototype (materialpreset_id, stainingprototypes_id) VALUES (25, 9);
INSERT INTO materialpreset_stainingprototype (materialpreset_id, stainingprototypes_id) VALUES (25, 11);
INSERT INTO materialpreset_stainingprototype (materialpreset_id, stainingprototypes_id) VALUES (26, 9);
INSERT INTO materialpreset_stainingprototype (materialpreset_id, stainingprototypes_id) VALUES (26, 11);
INSERT INTO materialpreset_stainingprototype (materialpreset_id, stainingprototypes_id) VALUES (27, 9);
INSERT INTO materialpreset_stainingprototype (materialpreset_id, stainingprototypes_id) VALUES (27, 11);
INSERT INTO materialpreset_stainingprototype (materialpreset_id, stainingprototypes_id) VALUES (28, 9);
INSERT INTO materialpreset_stainingprototype (materialpreset_id, stainingprototypes_id) VALUES (28, 11);
INSERT INTO materialpreset_stainingprototype (materialpreset_id, stainingprototypes_id) VALUES (29, 9);
INSERT INTO materialpreset_stainingprototype (materialpreset_id, stainingprototypes_id) VALUES (29, 11);
INSERT INTO materialpreset_stainingprototype (materialpreset_id, stainingprototypes_id) VALUES (30, 9);
INSERT INTO materialpreset_stainingprototype (materialpreset_id, stainingprototypes_id) VALUES (30, 11);
INSERT INTO materialpreset_stainingprototype (materialpreset_id, stainingprototypes_id) VALUES (31, 9);
INSERT INTO materialpreset_stainingprototype (materialpreset_id, stainingprototypes_id) VALUES (31, 11);
INSERT INTO materialpreset_stainingprototype (materialpreset_id, stainingprototypes_id) VALUES (33, 9);
INSERT INTO materialpreset_stainingprototype (materialpreset_id, stainingprototypes_id) VALUES (33, 11);
INSERT INTO materialpreset_stainingprototype (materialpreset_id, stainingprototypes_id) VALUES (34, 9);
INSERT INTO materialpreset_stainingprototype (materialpreset_id, stainingprototypes_id) VALUES (34, 11);
INSERT INTO materialpreset_stainingprototype (materialpreset_id, stainingprototypes_id) VALUES (35, 9);
INSERT INTO materialpreset_stainingprototype (materialpreset_id, stainingprototypes_id) VALUES (35, 11);


INSERT INTO organization (id, intern, name, note, version, contact_id) VALUES (1, true, 'Klinik für Augenheilkunde', '', 0, 2);

 SELECT setval('organization_sequence', (SELECT MAX(id) FROM organization));
 
INSERT INTO person_organization (person_id, organization_id) VALUES (1, 1);
INSERT INTO person_organization (person_id, organization_id) VALUES (32, 1);
INSERT INTO person_organization (person_id, organization_id) VALUES (38, 2);
INSERT INTO person_organization (person_id, organization_id) VALUES (4, 1);
INSERT INTO person_organization (person_id, organization_id) VALUES (5, 1);
INSERT INTO person_organization (person_id, organization_id) VALUES (6, 1);
INSERT INTO person_organization (person_id, organization_id) VALUES (82, 3);
INSERT INTO person_organization (person_id, organization_id) VALUES (83, 4);
INSERT INTO person_organization (person_id, organization_id) VALUES (84, 4);

INSERT INTO physician_associatedroles (physician_id, associatedroles) VALUES (1, 'OTHER_PHYSICIAN');

